{
  "config": {
    "run_name": "exp1_1_K64_L16",
    "out_dir": "./results",
    "seed": 42,
    "bs_train": 128,
    "bs_test": 32,
    "batches": 100,
    "epochs": 10,
    "early_stopping": 5,
    "checkpoints": null,
    "lr": 0.001,
    "reg": 0.001,
    "filters_per_layer": [
      64
    ],
    "pool_every": 8,
    "hidden_dims": [
      100,
      100
    ],
    "ycn": false,
    "kw": {},
    "layers_per_block": 16
  },
  "results": {
    "num_epochs": 10,
    "train_loss": [
      2.30303692817688,
      2.302851676940918,
      2.3028104305267334,
      2.3027801513671875,
      2.3027617931365967,
      2.3027455806732178,
      2.3027241230010986,
      2.3027138710021973,
      2.30271053314209,
      2.302706480026245
    ],
    "train_acc": [
      9.87,
      9.832,
      9.924,
      9.896,
      9.916,
      9.872,
      9.826,
      9.796,
      9.88,
      9.804
    ],
    "test_loss": [
      2.30271315574646,
      2.302680015563965,
      2.302659749984741,
      2.3026437759399414,
      2.3026318550109863,
      2.3026211261749268,
      2.3026137351989746,
      2.3026082515716553,
      2.3026106357574463,
      2.302602529525757
    ],
    "test_acc": [
      10.0,
      10.0,
      10.0,
      10.0,
      10.0,
      10.0,
      10.0,
      10.0,
      10.0,
      10.0
    ]
  }
}