{
  "config": {
    "run_name": "exp1_2_L4_K256",
    "out_dir": "./results",
    "seed": 42,
    "bs_train": 128,
    "bs_test": 32,
    "batches": 100,
    "epochs": 10,
    "early_stopping": 5,
    "checkpoints": null,
    "lr": 0.001,
    "reg": 0.001,
    "filters_per_layer": [
      256
    ],
    "pool_every": 2,
    "hidden_dims": [
      100,
      100
    ],
    "ycn": false,
    "kw": {},
    "layers_per_block": 4
  },
  "results": {
    "num_epochs": 10,
    "train_loss": [
      1.7088056802749634,
      1.242931604385376,
      1.0048846006393433,
      0.8642175197601318,
      0.7679905891418457,
      0.6867237687110901,
      0.6208564043045044,
      0.5749427676200867,
      0.5249857902526855,
      0.48170244693756104
    ],
    "train_acc": [
      37.182,
      54.874,
      64.308,
      69.312,
      72.914,
      76.01,
      78.21,
      79.63,
      81.554,
      83.088
    ],
    "test_loss": [
      1.3774999380111694,
      1.0961006879806519,
      1.0396918058395386,
      0.9918644428253174,
      0.8860383629798889,
      0.8754114508628845,
      0.9286569952964783,
      0.8884378671646118,
      0.9021278619766235,
      0.9616616368293762
    ],
    "test_acc": [
      49.28,
      61.19,
      63.94,
      66.51,
      69.93,
      71.1,
      70.31,
      71.61,
      71.72,
      71.51
    ]
  }
}