{
  "config": {
    "run_name": "exp1_1_K64_L2",
    "out_dir": "./results",
    "seed": 42,
    "bs_train": 128,
    "bs_test": 32,
    "batches": 100,
    "epochs": 10,
    "early_stopping": 5,
    "checkpoints": null,
    "lr": 0.001,
    "reg": 0.001,
    "filters_per_layer": [
      64
    ],
    "pool_every": 1,
    "hidden_dims": [
      100,
      100
    ],
    "ycn": false,
    "kw": {},
    "layers_per_block": 2
  },
  "results": {
    "num_epochs": 10,
    "train_loss": [
      1.6124639511108398,
      1.2680864334106445,
      1.1170337200164795,
      1.0091722011566162,
      0.9332830309867859,
      0.8728761076927185,
      0.8223434090614319,
      0.7757614850997925,
      0.7396097183227539,
      0.711790919303894
    ],
    "train_acc": [
      40.716,
      54.218,
      60.394,
      64.448,
      67.074,
      69.264,
      71.21,
      73.024,
      74.296,
      75.344
    ],
    "test_loss": [
      1.3551278114318848,
      1.1718686819076538,
      1.0824981927871704,
      0.9923754334449768,
      0.9441452026367188,
      0.8901098966598511,
      0.8742585182189941,
      0.8654199838638306,
      0.8679182529449463,
      0.8638100624084473
    ],
    "test_acc": [
      50.82,
      58.21,
      61.81,
      65.18,
      67.23,
      69.25,
      69.91,
      70.29,
      69.91,
      70.4
    ]
  }
}