{
  "config": {
    "run_name": "exp1_2_L8_K128",
    "out_dir": "./results",
    "seed": 42,
    "bs_train": 128,
    "bs_test": 32,
    "batches": 100,
    "epochs": 10,
    "early_stopping": 5,
    "checkpoints": null,
    "lr": 0.001,
    "reg": 0.001,
    "filters_per_layer": [
      128
    ],
    "pool_every": 2,
    "hidden_dims": [
      100,
      100
    ],
    "ycn": false,
    "kw": {},
    "layers_per_block": 8
  },
  "results": {
    "num_epochs": 10,
    "train_loss": [
      2.303057909011841,
      2.3028581142425537,
      2.3028173446655273,
      2.302788257598877,
      2.302767515182495,
      2.3027470111846924,
      2.3027350902557373,
      2.302722692489624,
      2.302712917327881,
      2.302706480026245
    ],
    "train_acc": [
      9.762,
      9.704,
      9.54,
      9.56,
      9.62,
      9.59,
      9.752,
      9.65,
      9.622,
      9.638
    ],
    "test_loss": [
      2.3027422428131104,
      2.302694797515869,
      2.3026692867279053,
      2.302647113800049,
      2.3026387691497803,
      2.3026230335235596,
      2.3026137351989746,
      2.3026132583618164,
      2.302604913711548,
      2.302603006362915
    ],
    "test_acc": [
      10.0,
      10.0,
      10.0,
      10.0,
      10.0,
      10.0,
      10.0,
      10.0,
      10.0,
      10.0
    ]
  }
}