{
  "config": {
    "run_name": "exp1_2_L2_K64",
    "out_dir": "./results",
    "seed": 42,
    "bs_train": 128,
    "bs_test": 32,
    "batches": 100,
    "epochs": 10,
    "early_stopping": 5,
    "checkpoints": null,
    "lr": 0.001,
    "reg": 0.001,
    "filters_per_layer": [
      64
    ],
    "pool_every": 2,
    "hidden_dims": [
      100,
      100
    ],
    "ycn": false,
    "kw": {},
    "layers_per_block": 2
  },
  "results": {
    "num_epochs": 10,
    "train_loss": [
      1.5315107107162476,
      1.165846586227417,
      1.0050474405288696,
      0.8996741771697998,
      0.8269149661064148,
      0.761795163154602,
      0.6999668478965759,
      0.6468525528907776,
      0.5976396203041077,
      0.5541281700134277
    ],
    "train_acc": [
      44.566,
      58.398,
      64.492,
      68.388,
      70.848,
      73.326,
      75.434,
      77.118,
      78.862,
      80.58
    ],
    "test_loss": [
      1.2554118633270264,
      1.0835744142532349,
      1.0161551237106323,
      0.9943315386772156,
      0.9597374796867371,
      0.9420527815818787,
      0.9717562794685364,
      0.9738646745681763,
      1.0020124912261963,
      1.0602344274520874
    ],
    "test_acc": [
      55.13,
      62.06,
      64.43,
      65.42,
      66.4,
      67.41,
      67.79,
      68.44,
      67.48,
      66.58
    ]
  }
}