{
  "config": {
    "run_name": "exp1_2_L8_K64",
    "out_dir": "./results",
    "seed": 42,
    "bs_train": 128,
    "bs_test": 32,
    "batches": 100,
    "epochs": 10,
    "early_stopping": 5,
    "checkpoints": null,
    "lr": 0.001,
    "reg": 0.001,
    "filters_per_layer": [
      64
    ],
    "pool_every": 2,
    "hidden_dims": [
      100,
      100
    ],
    "ycn": false,
    "kw": {},
    "layers_per_block": 8
  },
  "results": {
    "num_epochs": 10,
    "train_loss": [
      2.303079843521118,
      2.3028628826141357,
      2.3028182983398438,
      2.3027913570404053,
      2.3027703762054443,
      2.3027548789978027,
      2.3027336597442627,
      2.3027215003967285,
      2.3027114868164062,
      2.302706003189087
    ],
    "train_acc": [
      9.868,
      9.748,
      9.838,
      9.774,
      9.766,
      9.748,
      9.762,
      9.668,
      9.68,
      9.696
    ],
    "test_loss": [
      2.30271577835083,
      2.3026838302612305,
      2.302666187286377,
      2.302649974822998,
      2.3026373386383057,
      2.3026282787323,
      2.3026187419891357,
      2.302610397338867,
      2.302605390548706,
      2.3026034832000732
    ],
    "test_acc": [
      10.0,
      10.0,
      10.0,
      10.0,
      10.0,
      10.0,
      10.0,
      10.0,
      10.0,
      10.0
    ]
  }
}