{
  "config": {
    "run_name": "exp1_2_L2_K256",
    "out_dir": "./results",
    "seed": 42,
    "bs_train": 128,
    "bs_test": 32,
    "batches": 100,
    "epochs": 10,
    "early_stopping": 5,
    "checkpoints": null,
    "lr": 0.001,
    "reg": 0.001,
    "filters_per_layer": [
      256
    ],
    "pool_every": 2,
    "hidden_dims": [
      100,
      100
    ],
    "ycn": false,
    "kw": {},
    "layers_per_block": 2
  },
  "results": {
    "num_epochs": 10,
    "train_loss": [
      1.5692229270935059,
      1.2024742364883423,
      1.065344214439392,
      0.9592495560646057,
      0.8776699900627136,
      0.8067317605018616,
      0.7499479055404663,
      0.6995408535003662,
      0.636824905872345,
      0.5953295826911926
    ],
    "train_acc": [
      43.042,
      57.128,
      62.356,
      65.964,
      69.016,
      71.556,
      73.296,
      75.296,
      77.66,
      78.9
    ],
    "test_loss": [
      1.2675131559371948,
      1.1408913135528564,
      1.067359209060669,
      1.0231077671051025,
      1.0111069679260254,
      1.0205483436584473,
      1.0296707153320312,
      1.0480997562408447,
      1.09076988697052,
      1.1606366634368896
    ],
    "test_acc": [
      54.41,
      58.86,
      61.7,
      63.61,
      64.44,
      64.67,
      65.02,
      64.66,
      64.64,
      64.05
    ]
  }
}