{
  "config": {
    "run_name": "exp1_3_L3_K64-128-256",
    "out_dir": "./results",
    "seed": 42,
    "bs_train": 128,
    "bs_test": 32,
    "batches": 100,
    "epochs": 10,
    "early_stopping": 5,
    "checkpoints": null,
    "lr": 0.001,
    "reg": 0.001,
    "filters_per_layer": [
      64,
      128,
      256
    ],
    "pool_every": 2,
    "hidden_dims": [
      100,
      100
    ],
    "ycn": false,
    "kw": {},
    "layers_per_block": 3
  },
  "results": {
    "num_epochs": 10,
    "train_loss": [
      2.3030362129211426,
      2.30287504196167,
      2.3028411865234375,
      2.302812337875366,
      2.3027892112731934,
      2.3027710914611816,
      2.3027548789978027,
      2.3027398586273193,
      2.3027355670928955,
      2.3027195930480957
    ],
    "train_acc": [
      9.914,
      9.836,
      9.758,
      9.862,
      9.75,
      9.746,
      9.718,
      9.708,
      9.778,
      9.724
    ],
    "test_loss": [
      2.3027284145355225,
      2.3026912212371826,
      2.30267071723938,
      2.3026540279388428,
      2.3026437759399414,
      2.3026351928710938,
      2.302624464035034,
      2.3026187419891357,
      2.3026137351989746,
      2.302609920501709
    ],
    "test_acc": [
      10.0,
      10.0,
      10.0,
      10.0,
      10.0,
      10.0,
      10.0,
      10.0,
      10.0,
      10.0
    ]
  }
}