{
  "config": {
    "run_name": "exp1_3_L2_K64-128-256",
    "out_dir": "./results",
    "seed": 42,
    "bs_train": 128,
    "bs_test": 32,
    "batches": 100,
    "epochs": 10,
    "early_stopping": 5,
    "checkpoints": null,
    "lr": 0.001,
    "reg": 0.001,
    "filters_per_layer": [
      64,
      128,
      256
    ],
    "pool_every": 2,
    "hidden_dims": [
      100
    ],
    "ycn": false,
    "kw": {},
    "layers_per_block": 2
  },
  "results": {
    "num_epochs": 10,
    "train_loss": [
      1.7936416864395142,
      1.3356328010559082,
      1.1284197568893433,
      0.9868804216384888,
      0.8731909394264221,
      0.7792892456054688,
      0.7125956416130066,
      0.6635209321975708,
      0.6172178387641907,
      0.5649346709251404
    ],
    "train_acc": [
      33.254,
      51.446,
      59.55,
      64.89,
      69.072,
      72.51,
      75.086,
      76.67,
      78.554,
      80.328
    ],
    "test_loss": [
      1.484444260597229,
      1.2661633491516113,
      1.0866392850875854,
      1.0568236112594604,
      0.8831520080566406,
      0.8003188967704773,
      0.8104858994483948,
      0.7568398118019104,
      0.7162157297134399,
      0.6900244951248169
    ],
    "test_acc": [
      45.23,
      54.67,
      61.3,
      63.34,
      69.73,
      72.42,
      72.04,
      74.28,
      75.27,
      76.22
    ]
  }
}