{
  "config": {
    "run_name": "exp1_1_K64_L4",
    "out_dir": "./results",
    "seed": 42,
    "bs_train": 128,
    "bs_test": 32,
    "batches": 100,
    "epochs": 10,
    "early_stopping": 5,
    "checkpoints": null,
    "lr": 0.001,
    "reg": 0.001,
    "filters_per_layer": [
      64
    ],
    "pool_every": 2,
    "hidden_dims": [
      100,
      100
    ],
    "ycn": false,
    "kw": {},
    "layers_per_block": 4
  },
  "results": {
    "num_epochs": 10,
    "train_loss": [
      1.7184412479400635,
      1.2727024555206299,
      1.0726673603057861,
      0.9482435584068298,
      0.8524293899536133,
      0.7760096192359924,
      0.713403046131134,
      0.6536546945571899,
      0.6146177649497986,
      0.5726029276847839
    ],
    "train_acc": [
      36.818,
      54.032,
      61.588,
      66.338,
      69.872,
      72.604,
      75.06,
      77.012,
      78.638,
      80.062
    ],
    "test_loss": [
      1.3779089450836182,
      1.1290137767791748,
      1.0290414094924927,
      0.9610358476638794,
      0.9415212869644165,
      0.9097748398780823,
      0.871423065662384,
      0.8518290519714355,
      0.8551787734031677,
      0.8645976781845093
    ],
    "test_acc": [
      49.13,
      60.08,
      63.2,
      66.64,
      67.41,
      68.97,
      69.75,
      70.42,
      71.06,
      71.08
    ]
  }
}