{
  "config": {
    "run_name": "exp1_1_K64_L8",
    "out_dir": "./results",
    "seed": 42,
    "bs_train": 128,
    "bs_test": 32,
    "batches": 100,
    "epochs": 10,
    "early_stopping": 5,
    "checkpoints": null,
    "lr": 0.001,
    "reg": 0.001,
    "filters_per_layer": [
      64
    ],
    "pool_every": 4,
    "hidden_dims": [
      100,
      100
    ],
    "ycn": false,
    "kw": {},
    "layers_per_block": 8
  },
  "results": {
    "num_epochs": 10,
    "train_loss": [
      2.3031716346740723,
      2.3028831481933594,
      2.302835464477539,
      2.30279803276062,
      2.302769184112549,
      2.3027477264404297,
      2.3027279376983643,
      2.3027212619781494,
      2.3027055263519287,
      2.302699327468872
    ],
    "train_acc": [
      9.708,
      9.826,
      9.77,
      9.79,
      9.744,
      9.694,
      9.766,
      9.73,
      9.618,
      9.642
    ],
    "test_loss": [
      2.302694320678711,
      2.3026626110076904,
      2.3026390075683594,
      2.3026232719421387,
      2.3026154041290283,
      2.3026087284088135,
      2.3026034832000732,
      2.302600145339966,
      2.3025999069213867,
      2.302600860595703
    ],
    "test_acc": [
      10.0,
      10.0,
      10.0,
      10.0,
      10.0,
      10.0,
      10.0,
      10.0,
      10.0,
      10.0
    ]
  }
}