{
  "config": {
    "run_name": "exp1_2_L8_K256",
    "out_dir": "./results",
    "seed": 42,
    "bs_train": 128,
    "bs_test": 32,
    "batches": 100,
    "epochs": 10,
    "early_stopping": 5,
    "checkpoints": null,
    "lr": 0.001,
    "reg": 0.001,
    "filters_per_layer": [
      256
    ],
    "pool_every": 2,
    "hidden_dims": [
      100,
      100
    ],
    "ycn": false,
    "kw": {},
    "layers_per_block": 8
  },
  "results": {
    "num_epochs": 10,
    "train_loss": [
      2.3030803203582764,
      2.302882671356201,
      2.3028335571289062,
      2.302802801132202,
      2.30277943611145,
      2.3027563095092773,
      2.3027422428131104,
      2.3027265071868896,
      2.3027145862579346,
      2.3027074337005615
    ],
    "train_acc": [
      9.808,
      9.902,
      9.944,
      9.9,
      9.896,
      9.846,
      9.774,
      9.764,
      9.744,
      9.692
    ],
    "test_loss": [
      2.3027379512786865,
      2.3027069568634033,
      2.3026881217956543,
      2.302673816680908,
      2.3026633262634277,
      2.3026490211486816,
      2.3026387691497803,
      2.302626609802246,
      2.3026158809661865,
      2.3026087284088135
    ],
    "test_acc": [
      10.0,
      10.0,
      10.0,
      10.0,
      10.0,
      10.0,
      10.0,
      10.0,
      10.0,
      10.0
    ]
  }
}