{
  "config": {
    "run_name": "exp1_2_L2_K32",
    "out_dir": "./results",
    "seed": 42,
    "bs_train": 128,
    "bs_test": 32,
    "batches": 100,
    "epochs": 10,
    "early_stopping": 5,
    "checkpoints": null,
    "lr": 0.001,
    "reg": 0.001,
    "filters_per_layer": [
      32
    ],
    "pool_every": 2,
    "hidden_dims": [
      100,
      100
    ],
    "ycn": false,
    "kw": {},
    "layers_per_block": 2
  },
  "results": {
    "num_epochs": 10,
    "train_loss": [
      1.6108580827713013,
      1.2531319856643677,
      1.0957860946655273,
      0.9832100868225098,
      0.8982594013214111,
      0.835281252861023,
      0.7768356204032898,
      0.723806619644165,
      0.6662626266479492,
      0.619608461856842
    ],
    "train_acc": [
      41.374,
      55.124,
      61.098,
      65.398,
      68.472,
      70.774,
      72.758,
      74.728,
      76.634,
      78.426
    ],
    "test_loss": [
      1.3362174034118652,
      1.1476837396621704,
      1.0607712268829346,
      1.019614338874817,
      0.9657801985740662,
      0.9432560801506042,
      0.9417223334312439,
      0.97162264585495,
      1.00209641456604,
      1.0877891778945923
    ],
    "test_acc": [
      51.93,
      58.96,
      62.53,
      63.94,
      66.01,
      67.09,
      67.88,
      67.33,
      66.91,
      65.62
    ]
  }
}