{
  "config": {
    "run_name": "exp1_1_K32_L16",
    "out_dir": "./results",
    "seed": 42,
    "bs_train": 128,
    "bs_test": 32,
    "batches": 100,
    "epochs": 10,
    "early_stopping": 5,
    "checkpoints": null,
    "lr": 0.001,
    "reg": 0.001,
    "filters_per_layer": [
      32
    ],
    "pool_every": 8,
    "hidden_dims": [
      100,
      100
    ],
    "ycn": false,
    "kw": {},
    "layers_per_block": 16
  },
  "results": {
    "num_epochs": 10,
    "train_loss": [
      2.303166389465332,
      2.302882432937622,
      2.3028452396392822,
      2.3028085231781006,
      2.3027846813201904,
      2.3027656078338623,
      2.3027431964874268,
      2.302727460861206,
      2.302713394165039,
      2.3027055263519287
    ],
    "train_acc": [
      9.744,
      9.788,
      9.656,
      9.636,
      9.706,
      9.64,
      9.676,
      9.674,
      9.642,
      9.578
    ],
    "test_loss": [
      2.302708148956299,
      2.302670478820801,
      2.302644968032837,
      2.3026344776153564,
      2.3026232719421387,
      2.3026137351989746,
      2.3026087284088135,
      2.3026044368743896,
      2.302603006362915,
      2.3025996685028076
    ],
    "test_acc": [
      10.0,
      10.0,
      10.0,
      10.0,
      10.0,
      10.0,
      10.0,
      10.0,
      10.0,
      10.0
    ]
  }
}