{
  "config": {
    "run_name": "exp1_3_L2_K64-128-256",
    "out_dir": "./results",
    "seed": 42,
    "bs_train": 128,
    "bs_test": 32,
    "batches": 100,
    "epochs": 10,
    "early_stopping": 5,
    "checkpoints": null,
    "lr": 0.001,
    "reg": 0.001,
    "filters_per_layer": [
      64,
      128,
      256
    ],
    "pool_every": 2,
    "hidden_dims": [
      100,
      100
    ],
    "ycn": false,
    "kw": {},
    "layers_per_block": 2
  },
  "results": {
    "num_epochs": 10,
    "train_loss": [
      2.3031105995178223,
      2.302858829498291,
      2.30281662940979,
      2.3027877807617188,
      2.3027639389038086,
      2.302748203277588,
      2.3027334213256836,
      2.3027219772338867,
      2.3027119636535645,
      2.3027048110961914
    ],
    "train_acc": [
      9.81,
      9.744,
      9.694,
      9.74,
      9.682,
      9.698,
      9.776,
      9.764,
      9.754,
      9.666
    ],
    "test_loss": [
      2.3026952743530273,
      2.302663564682007,
      2.3026440143585205,
      2.3026320934295654,
      2.3026251792907715,
      2.3026180267333984,
      2.3026113510131836,
      2.302607297897339,
      2.302605152130127,
      2.3026013374328613
    ],
    "test_acc": [
      10.0,
      10.0,
      10.0,
      10.0,
      10.0,
      10.0,
      10.0,
      10.0,
      10.0,
      10.0
    ]
  }
}