{
  "config": {
    "run_name": "exp1_3_L4_K64-128-256",
    "out_dir": "./results",
    "seed": 42,
    "bs_train": 128,
    "bs_test": 32,
    "batches": 100,
    "epochs": 10,
    "early_stopping": 5,
    "checkpoints": null,
    "lr": 0.001,
    "reg": 0.001,
    "filters_per_layer": [
      64,
      128,
      256
    ],
    "pool_every": 4,
    "hidden_dims": [
      100,
      100
    ],
    "ycn": false,
    "kw": {},
    "layers_per_block": 4
  },
  "results": {
    "num_epochs": 10,
    "train_loss": [
      2.3031702041625977,
      2.302885055541992,
      2.302840232849121,
      2.302806854248047,
      2.3027822971343994,
      2.302760124206543,
      2.3027451038360596,
      2.302725315093994,
      2.302712917327881,
      2.3027048110961914
    ],
    "train_acc": [
      9.752,
      9.754,
      9.74,
      9.682,
      9.642,
      9.678,
      9.67,
      9.664,
      9.676,
      9.578
    ],
    "test_loss": [
      2.30271315574646,
      2.302685499191284,
      2.302659034729004,
      2.302647352218628,
      2.30263352394104,
      2.3026256561279297,
      2.3026158809661865,
      2.3026092052459717,
      2.3026061058044434,
      2.3026034832000732
    ],
    "test_acc": [
      10.0,
      10.0,
      10.0,
      10.0,
      10.0,
      10.0,
      10.0,
      10.0,
      10.0,
      10.0
    ]
  }
}