{
  "config": {
    "run_name": "exp1_3_L4_K64-128-256",
    "out_dir": "./results",
    "seed": 42,
    "bs_train": 128,
    "bs_test": 32,
    "batches": 100,
    "epochs": 10,
    "early_stopping": 5,
    "checkpoints": null,
    "lr": 0.001,
    "reg": 0.001,
    "filters_per_layer": [
      64,
      128,
      256
    ],
    "pool_every": 4,
    "hidden_dims": [
      100
    ],
    "ycn": false,
    "kw": {},
    "layers_per_block": 4
  },
  "results": {
    "num_epochs": 10,
    "train_loss": [
      2.303053379058838,
      2.302767038345337,
      2.302741765975952,
      2.302724599838257,
      2.3027119636535645,
      2.302708625793457,
      2.302708387374878,
      2.3026983737945557,
      2.3026983737945557,
      2.3026981353759766
    ],
    "train_acc": [
      9.966,
      9.85,
      9.75,
      9.74,
      9.776,
      9.684,
      9.7,
      9.716,
      9.642,
      9.636
    ],
    "test_loss": [
      2.3026349544525146,
      2.3026134967803955,
      2.3026084899902344,
      2.3026034832000732,
      2.3026013374328613,
      2.302600622177124,
      2.3026015758514404,
      2.3026015758514404,
      2.3025994300842285,
      2.302600145339966
    ],
    "test_acc": [
      10.0,
      10.0,
      10.0,
      10.0,
      10.0,
      10.0,
      10.0,
      10.0,
      10.0,
      10.0
    ]
  }
}