{
  "config": {
    "run_name": "exp1_3_L1_K64-128-256",
    "out_dir": "./results",
    "seed": 42,
    "bs_train": 128,
    "bs_test": 32,
    "batches": 100,
    "epochs": 10,
    "early_stopping": 5,
    "checkpoints": null,
    "lr": 0.001,
    "reg": 0.001,
    "filters_per_layer": [
      64,
      128,
      256
    ],
    "pool_every": 1,
    "hidden_dims": [
      100
    ],
    "ycn": false,
    "kw": {},
    "layers_per_block": 1
  },
  "results": {
    "num_epochs": 10,
    "train_loss": [
      1.5755500793457031,
      1.1848496198654175,
      1.0062482357025146,
      0.8903423547744751,
      0.8091344237327576,
      0.7464317083358765,
      0.6891481876373291,
      0.6350694894790649,
      0.5933858156204224,
      0.5589343309402466
    ],
    "train_acc": [
      42.714,
      57.802,
      64.47,
      69.102,
      71.938,
      74.316,
      76.194,
      78.102,
      79.666,
      80.752
    ],
    "test_loss": [
      1.2778011560440063,
      1.1185065507888794,
      0.9907001852989197,
      0.9026467800140381,
      0.857510507106781,
      0.8343551754951477,
      0.8273077607154846,
      0.8168806433677673,
      0.807701051235199,
      0.7928304672241211
    ],
    "test_acc": [
      53.82,
      60.4,
      65.34,
      68.98,
      70.6,
      71.35,
      71.75,
      72.49,
      72.93,
      73.24
    ]
  }
}