{
  "config": {
    "run_name": "exp1_2_L4_K128",
    "out_dir": "./results",
    "seed": 42,
    "bs_train": 128,
    "bs_test": 32,
    "batches": 100,
    "epochs": 10,
    "early_stopping": 5,
    "checkpoints": null,
    "lr": 0.001,
    "reg": 0.001,
    "filters_per_layer": [
      128
    ],
    "pool_every": 2,
    "hidden_dims": [
      100,
      100
    ],
    "ycn": false,
    "kw": {},
    "layers_per_block": 4
  },
  "results": {
    "num_epochs": 10,
    "train_loss": [
      1.6883556842803955,
      1.2007378339767456,
      0.9891890287399292,
      0.865300178527832,
      0.7718521952629089,
      0.6901000738143921,
      0.6228693723678589,
      0.5673210620880127,
      0.5138724446296692,
      0.4784786105155945
    ],
    "train_acc": [
      37.522,
      56.884,
      64.804,
      69.488,
      72.876,
      75.914,
      78.11,
      80.132,
      81.964,
      83.104
    ],
    "test_loss": [
      1.342909336090088,
      1.1260581016540527,
      1.0535856485366821,
      0.9368522763252258,
      0.8623666763305664,
      0.7955304384231567,
      0.7720025181770325,
      0.8274473547935486,
      0.8406730890274048,
      0.9224197864532471
    ],
    "test_acc": [
      51.2,
      60.51,
      63.93,
      68.21,
      70.56,
      72.78,
      73.64,
      72.44,
      73.11,
      71.75
    ]
  }
}