{
  "config": {
    "run_name": "exp1_2_L4_K32",
    "out_dir": "./results",
    "seed": 42,
    "bs_train": 128,
    "bs_test": 32,
    "batches": 100,
    "epochs": 10,
    "early_stopping": 5,
    "checkpoints": null,
    "lr": 0.001,
    "reg": 0.001,
    "filters_per_layer": [
      32
    ],
    "pool_every": 2,
    "hidden_dims": [
      100,
      100
    ],
    "ycn": false,
    "kw": {},
    "layers_per_block": 4
  },
  "results": {
    "num_epochs": 10,
    "train_loss": [
      1.8139662742614746,
      1.4389774799346924,
      1.2709345817565918,
      1.1422897577285767,
      1.0456093549728394,
      0.9556418061256409,
      0.8778151869773865,
      0.8161300420761108,
      0.7666411995887756,
      0.7208606004714966
    ],
    "train_acc": [
      33.084,
      47.624,
      54.356,
      59.204,
      63.108,
      66.39,
      69.244,
      71.406,
      73.092,
      74.74
    ],
    "test_loss": [
      1.50996732711792,
      1.3570061922073364,
      1.202195405960083,
      1.1651962995529175,
      1.1132748126983643,
      1.0844086408615112,
      1.019446849822998,
      0.9619958400726318,
      0.9318516850471497,
      0.9600956439971924
    ],
    "test_acc": [
      44.11,
      51.44,
      57.47,
      59.11,
      61.29,
      63.09,
      65.63,
      67.26,
      67.9,
      67.37
    ]
  }
}