{
  "config": {
    "run_name": "exp1_2_L2_K128",
    "out_dir": "./results",
    "seed": 42,
    "bs_train": 128,
    "bs_test": 32,
    "batches": 100,
    "epochs": 10,
    "early_stopping": 5,
    "checkpoints": null,
    "lr": 0.001,
    "reg": 0.001,
    "filters_per_layer": [
      128
    ],
    "pool_every": 2,
    "hidden_dims": [
      100,
      100
    ],
    "ycn": false,
    "kw": {},
    "layers_per_block": 2
  },
  "results": {
    "num_epochs": 10,
    "train_loss": [
      1.5592036247253418,
      1.2063628435134888,
      1.086943507194519,
      0.9872575998306274,
      0.8937997817993164,
      0.8147907853126526,
      0.7449632883071899,
      0.6871265769004822,
      0.6365272998809814,
      0.5996607542037964
    ],
    "train_acc": [
      43.32,
      56.896,
      61.464,
      64.94,
      68.296,
      71.268,
      73.652,
      75.806,
      77.604,
      78.64
    ],
    "test_loss": [
      1.3033846616744995,
      1.1690808534622192,
      1.086685061454773,
      1.0267159938812256,
      0.9872875809669495,
      0.9696035981178284,
      0.9835326671600342,
      1.0088441371917725,
      1.0488044023513794,
      1.056003212928772
    ],
    "test_acc": [
      53.51,
      58.67,
      61.48,
      63.94,
      65.7,
      66.76,
      66.76,
      66.59,
      66.25,
      66.09
    ]
  }
}