{
  "config": {
    "run_name": "exp1_1_K32_L8",
    "out_dir": "./results",
    "seed": 42,
    "bs_train": 128,
    "bs_test": 32,
    "batches": 100,
    "epochs": 10,
    "early_stopping": 5,
    "checkpoints": null,
    "lr": 0.001,
    "reg": 0.001,
    "filters_per_layer": [
      32
    ],
    "pool_every": 4,
    "hidden_dims": [
      100,
      100
    ],
    "ycn": false,
    "kw": {},
    "layers_per_block": 8
  },
  "results": {
    "num_epochs": 10,
    "train_loss": [
      2.303061008453369,
      2.302886486053467,
      2.302845001220703,
      2.3028149604797363,
      2.302788019180298,
      2.302764892578125,
      2.3027470111846924,
      2.3027303218841553,
      2.302718162536621,
      2.3027052879333496
    ],
    "train_acc": [
      9.828,
      9.822,
      9.778,
      9.782,
      9.896,
      9.884,
      9.832,
      9.758,
      9.79,
      9.704
    ],
    "test_loss": [
      2.3027164936065674,
      2.302680015563965,
      2.302656412124634,
      2.302637815475464,
      2.3026254177093506,
      2.3026161193847656,
      2.302609443664551,
      2.3026039600372314,
      2.3025996685028076,
      2.302600622177124
    ],
    "test_acc": [
      10.0,
      10.0,
      10.0,
      10.0,
      10.0,
      10.0,
      10.0,
      10.0,
      10.0,
      10.0
    ]
  }
}