{
  "config": {
    "run_name": "exp1_2_L4_K64",
    "out_dir": "./results",
    "seed": 42,
    "bs_train": 128,
    "bs_test": 32,
    "batches": 100,
    "epochs": 10,
    "early_stopping": 5,
    "checkpoints": null,
    "lr": 0.001,
    "reg": 0.001,
    "filters_per_layer": [
      64
    ],
    "pool_every": 2,
    "hidden_dims": [
      100,
      100
    ],
    "ycn": false,
    "kw": {},
    "layers_per_block": 4
  },
  "results": {
    "num_epochs": 10,
    "train_loss": [
      1.7051587104797363,
      1.2740024328231812,
      1.0667760372161865,
      0.9353776574134827,
      0.8381387591362,
      0.7631387710571289,
      0.6930044889450073,
      0.6372138857841492,
      0.5899129509925842,
      0.5450360774993896
    ],
    "train_acc": [
      37.398,
      53.904,
      62.034,
      66.754,
      70.304,
      73.246,
      75.578,
      77.536,
      79.186,
      80.764
    ],
    "test_loss": [
      1.4156520366668701,
      1.1851985454559326,
      1.0780909061431885,
      0.9832415580749512,
      0.9350506663322449,
      0.8567842841148376,
      0.8596277236938477,
      0.8564284443855286,
      0.8450835943222046,
      0.9359970092773438
    ],
    "test_acc": [
      47.9,
      57.9,
      62.01,
      65.89,
      67.97,
      70.18,
      70.71,
      70.99,
      71.79,
      70.04
    ]
  }
}