{
  "config": {
    "run_name": "exp1_2_L8_K32",
    "out_dir": "./results",
    "seed": 42,
    "bs_train": 128,
    "bs_test": 32,
    "batches": 100,
    "epochs": 10,
    "early_stopping": 5,
    "checkpoints": null,
    "lr": 0.001,
    "reg": 0.001,
    "filters_per_layer": [
      32
    ],
    "pool_every": 2,
    "hidden_dims": [
      100,
      100
    ],
    "ycn": false,
    "kw": {},
    "layers_per_block": 8
  },
  "results": {
    "num_epochs": 10,
    "train_loss": [
      2.303065299987793,
      2.302885055541992,
      2.3028275966644287,
      2.3027944564819336,
      2.302769660949707,
      2.3027548789978027,
      2.3027360439300537,
      2.3027191162109375,
      2.3027114868164062,
      2.302703380584717
    ],
    "train_acc": [
      9.82,
      9.85,
      9.736,
      9.724,
      9.798,
      9.798,
      9.762,
      9.768,
      9.81,
      9.758
    ],
    "test_loss": [
      2.3027079105377197,
      2.302670478820801,
      2.302650213241577,
      2.3026368618011475,
      2.3026275634765625,
      2.3026187419891357,
      2.3026111125946045,
      2.3026063442230225,
      2.3026018142700195,
      2.302600860595703
    ],
    "test_acc": [
      10.0,
      10.0,
      10.0,
      10.0,
      10.0,
      10.0,
      10.0,
      10.0,
      10.0,
      10.0
    ]
  }
}