{
  "config": {
    "run_name": "exp1_1_K32_L4",
    "out_dir": "./results",
    "seed": 42,
    "bs_train": 128,
    "bs_test": 32,
    "batches": 100,
    "epochs": 10,
    "early_stopping": 5,
    "checkpoints": null,
    "lr": 0.001,
    "reg": 0.001,
    "filters_per_layer": [
      32
    ],
    "pool_every": 2,
    "hidden_dims": [
      100,
      100
    ],
    "ycn": false,
    "kw": {},
    "layers_per_block": 4
  },
  "results": {
    "num_epochs": 10,
    "train_loss": [
      1.8287771940231323,
      1.4835928678512573,
      1.3265544176101685,
      1.1894794702529907,
      1.0766016244888306,
      0.9905942678451538,
      0.919585108757019,
      0.8577725291252136,
      0.8077096939086914,
      0.760818362236023
    ],
    "train_acc": [
      32.764,
      45.872,
      51.96,
      57.236,
      61.47,
      64.8,
      67.43,
      69.702,
      71.454,
      73.342
    ],
    "test_loss": [
      1.6066745519638062,
      1.4243767261505127,
      1.2831830978393555,
      1.1248610019683838,
      1.0905870199203491,
      1.0569027662277222,
      1.0317168235778809,
      1.001798152923584,
      0.9750829935073853,
      0.9759900569915771
    ],
    "test_acc": [
      42.65,
      48.87,
      54.35,
      59.83,
      61.84,
      63.81,
      64.97,
      66.16,
      66.89,
      66.89
    ]
  }
}