{
  "config": {
    "run_name": "exp1_1_K32_L2",
    "out_dir": "./results",
    "seed": 42,
    "bs_train": 128,
    "bs_test": 32,
    "batches": 100,
    "epochs": 10,
    "early_stopping": 5,
    "checkpoints": null,
    "lr": 0.001,
    "reg": 0.001,
    "filters_per_layer": [
      32
    ],
    "pool_every": 1,
    "hidden_dims": [
      100,
      100
    ],
    "ycn": false,
    "kw": {},
    "layers_per_block": 2
  },
  "results": {
    "num_epochs": 10,
    "train_loss": [
      1.7129820585250854,
      1.3597477674484253,
      1.2215172052383423,
      1.1096134185791016,
      1.026646614074707,
      0.9633961319923401,
      0.9205605387687683,
      0.883520781993866,
      0.8490523099899292,
      0.815913200378418
    ],
    "train_acc": [
      37.116,
      50.794,
      56.108,
      60.51,
      63.59,
      65.938,
      67.554,
      69.12,
      70.458,
      71.622
    ],
    "test_loss": [
      1.466645359992981,
      1.28612220287323,
      1.1679317951202393,
      1.085618019104004,
      1.0292428731918335,
      0.9794859290122986,
      0.9449176788330078,
      0.9389590620994568,
      0.9245774745941162,
      0.9046566486358643
    ],
    "test_acc": [
      46.87,
      53.6,
      58.91,
      61.8,
      64.26,
      66.27,
      67.48,
      67.85,
      68.25,
      69.0
    ]
  }
}