{
  "config": {
    "run_name": "exp1_3_L1_K64-128-256",
    "out_dir": "./results",
    "seed": 42,
    "bs_train": 128,
    "bs_test": 32,
    "batches": 100,
    "epochs": 10,
    "early_stopping": 5,
    "checkpoints": null,
    "lr": 0.001,
    "reg": 0.001,
    "filters_per_layer": [
      64,
      128,
      256
    ],
    "pool_every": 1,
    "hidden_dims": [
      100,
      100
    ],
    "ycn": false,
    "kw": {},
    "layers_per_block": 1
  },
  "results": {
    "num_epochs": 10,
    "train_loss": [
      1.6563907861709595,
      1.2858409881591797,
      1.098205327987671,
      0.9598512053489685,
      0.8552234172821045,
      0.7748231291770935,
      0.702241837978363,
      0.6541641354560852,
      0.6087205410003662,
      0.5755643844604492
    ],
    "train_acc": [
      38.992,
      53.314,
      60.714,
      65.946,
      69.9,
      72.938,
      75.546,
      77.36,
      78.9,
      79.938
    ],
    "test_loss": [
      1.4241259098052979,
      1.215959906578064,
      1.0643360614776611,
      0.9403547644615173,
      0.8788149952888489,
      0.8420501947402954,
      0.8307384848594666,
      0.8582673668861389,
      0.8431593179702759,
      0.7863022089004517
    ],
    "test_acc": [
      48.23,
      56.43,
      62.27,
      66.97,
      69.54,
      70.92,
      71.76,
      71.65,
      72.0,
      73.7
    ]
  }
}