{
  "config": {
    "run_name": "exp1_3_L3_K64-128-256",
    "out_dir": "./results",
    "seed": 42,
    "bs_train": 128,
    "bs_test": 32,
    "batches": 100,
    "epochs": 10,
    "early_stopping": 5,
    "checkpoints": null,
    "lr": 0.001,
    "reg": 0.001,
    "filters_per_layer": [
      64,
      128,
      256
    ],
    "pool_every": 2,
    "hidden_dims": [
      100
    ],
    "ycn": false,
    "kw": {},
    "layers_per_block": 3
  },
  "results": {
    "num_epochs": 10,
    "train_loss": [
      2.3029778003692627,
      2.3027799129486084,
      2.3027546405792236,
      2.3027355670928955,
      2.302718162536621,
      2.3027102947235107,
      2.3027055263519287,
      2.3027002811431885,
      2.3027026653289795,
      2.302703619003296
    ],
    "train_acc": [
      9.632,
      9.682,
      9.718,
      9.72,
      9.688,
      9.722,
      9.642,
      9.608,
      9.676,
      9.64
    ],
    "test_loss": [
      2.3026626110076904,
      2.302640676498413,
      2.3026254177093506,
      2.302614450454712,
      2.302607774734497,
      2.3026037216186523,
      2.3026010990142822,
      2.302600860595703,
      2.302600383758545,
      2.3026039600372314
    ],
    "test_acc": [
      10.0,
      10.0,
      10.0,
      10.0,
      10.0,
      10.0,
      10.0,
      10.0,
      10.0,
      10.0
    ]
  }
}