{
  "config": {
    "run_name": "exp2_L2_K64-128-256-512",
    "out_dir": "./results",
    "seed": 42,
    "bs_train": 128,
    "bs_test": 32,
    "batches": 100,
    "epochs": 10,
    "early_stopping": 5,
    "checkpoints": null,
    "lr": 0.001,
    "reg": 0.001,
    "filters_per_layer": [
      64,
      128,
      256,
      512
    ],
    "pool_every": 2,
    "hidden_dims": [
      512,
      512
    ],
    "ycn": true,
    "kw": {},
    "layers_per_block": 2
  },
  "results": {
    "num_epochs": 10,
    "train_loss": [
      1.4969595670700073,
      1.0164281129837036,
      0.8358449339866638,
      0.7454758286476135,
      0.6837685704231262,
      0.6460172533988953,
      0.6118474006652832,
      0.5873037576675415,
      0.5634410977363586,
      0.5428190231323242
    ],
    "train_acc": [
      45.14,
      64.696,
      71.514,
      74.912,
      77.272,
      78.64,
      79.562,
      80.734,
      81.42,
      82.138
    ],
    "test_loss": [
      1.459840178489685,
      0.941529393196106,
      0.8678752779960632,
      0.7376723885536194,
      0.6960466504096985,
      0.6521373987197876,
      0.6401783227920532,
      0.6545116305351257,
      0.6135783195495605,
      0.6002020835876465
    ],
    "test_acc": [
      44.67,
      69.01,
      71.69,
      75.71,
      77.43,
      79.46,
      78.87,
      78.86,
      80.53,
      80.13
    ]
  }
}