{
  "config": {
    "run_name": "exp2_L3_K64-128-256-512",
    "out_dir": "./results",
    "seed": 42,
    "bs_train": 128,
    "bs_test": 32,
    "batches": 100,
    "epochs": 10,
    "early_stopping": 5,
    "checkpoints": null,
    "lr": 0.001,
    "reg": 0.001,
    "filters_per_layer": [
      64,
      128,
      256,
      512
    ],
    "pool_every": 3,
    "hidden_dims": [
      512,
      512
    ],
    "ycn": true,
    "kw": {},
    "layers_per_block": 3
  },
  "results": {
    "num_epochs": 10,
    "train_loss": [
      1.6828548908233643,
      1.2334167957305908,
      1.036616563796997,
      0.9237618446350098,
      0.847030520439148,
      0.7876948118209839,
      0.7496964335441589,
      0.7103875279426575,
      0.6877908706665039,
      0.65865159034729
    ],
    "train_acc": [
      36.612,
      56.126,
      63.704,
      68.708,
      71.68,
      73.928,
      75.752,
      76.964,
      77.704,
      78.69
    ],
    "test_loss": [
      1.6705774068832397,
      1.3421976566314697,
      1.0607246160507202,
      0.9529310464859009,
      0.8881682753562927,
      0.8049801588058472,
      0.8039290904998779,
      0.7599434852600098,
      0.755001962184906,
      0.701301634311676
    ],
    "test_acc": [
      39.93,
      54.8,
      66.35,
      69.2,
      71.68,
      75.35,
      75.98,
      76.12,
      76.26,
      78.91
    ]
  }
}