{
  "config": {
    "run_name": "exp2_L4_K64-128-256-512",
    "out_dir": "./results",
    "seed": 42,
    "bs_train": 128,
    "bs_test": 32,
    "batches": 100,
    "epochs": 10,
    "early_stopping": 5,
    "checkpoints": null,
    "lr": 0.001,
    "reg": 0.001,
    "filters_per_layer": [
      64,
      128,
      256,
      512
    ],
    "pool_every": 4,
    "hidden_dims": [
      512,
      512
    ],
    "ycn": true,
    "kw": {},
    "layers_per_block": 4
  },
  "results": {
    "num_epochs": 10,
    "train_loss": [
      1.7792096138000488,
      1.4161086082458496,
      1.2190536260604858,
      1.109383225440979,
      1.0500688552856445,
      0.995665967464447,
      0.940115213394165,
      0.9050275087356567,
      0.8695191740989685,
      0.8358403444290161
    ],
    "train_acc": [
      31.776,
      48.092,
      56.832,
      61.494,
      64.014,
      66.278,
      68.656,
      70.69,
      71.666,
      73.128
    ],
    "test_loss": [
      1.792748212814331,
      1.4613001346588135,
      1.497104525566101,
      1.2713462114334106,
      1.1885610818862915,
      1.2221732139587402,
      1.058929443359375,
      1.0189756155014038,
      1.0921630859375,
      0.9057467579841614
    ],
    "test_acc": [
      32.86,
      47.79,
      48.69,
      59.35,
      62.82,
      59.03,
      69.09,
      68.41,
      65.91,
      73.0
    ]
  }
}