{
  "config": {
    "run_name": "exp2_L2_K64-128-256-512",
    "out_dir": "./results",
    "seed": 42,
    "bs_train": 128,
    "bs_test": 32,
    "batches": 100,
    "epochs": 15,
    "early_stopping": 5,
    "checkpoints": null,
    "lr": 0.001,
    "reg": 0.001,
    "filters_per_layer": [
      64,
      128,
      256,
      512
    ],
    "pool_every": 2,
    "hidden_dims": [
      100,
      100
    ],
    "ycn": true,
    "kw": {},
    "layers_per_block": 2
  },
  "results": {
    "num_epochs": 15,
    "train_loss": [
      2.303039789199829,
      2.302875280380249,
      2.302825927734375,
      2.302790641784668,
      2.302767276763916,
      2.302743673324585,
      2.3027262687683105,
      2.302720546722412,
      2.3027048110961914,
      2.3026998043060303,
      2.3026986122131348,
      2.302703380584717,
      2.3027024269104004,
      2.302698850631714,
      2.302699327468872
    ],
    "train_acc": [
      9.806,
      9.634,
      9.73,
      9.684,
      9.752,
      9.85,
      9.796,
      9.63,
      9.624,
      9.544,
      9.66,
      9.642,
      9.62,
      9.682,
      9.612
    ],
    "test_loss": [
      2.3027124404907227,
      2.30267333984375,
      2.3026485443115234,
      2.30263090133667,
      2.3026201725006104,
      2.302612066268921,
      2.302607297897339,
      2.302603006362915,
      2.302602529525757,
      2.3026010990142822,
      2.302605152130127,
      2.302600145339966,
      2.3026046752929688,
      2.3026018142700195,
      2.3026010990142822
    ],
    "test_acc": [
      10.0,
      10.0,
      10.0,
      10.0,
      10.0,
      10.0,
      10.0,
      10.0,
      10.0,
      10.0,
      10.0,
      10.0,
      10.0,
      10.0,
      10.0
    ]
  }
}