{
  "config": {
    "run_name": "exp2_L1_K64-128-256-512",
    "out_dir": "./results",
    "seed": 42,
    "bs_train": 128,
    "bs_test": 32,
    "batches": 100,
    "epochs": 10,
    "early_stopping": 5,
    "checkpoints": null,
    "lr": 0.001,
    "reg": 0.001,
    "filters_per_layer": [
      64,
      128,
      256,
      512
    ],
    "pool_every": 1,
    "hidden_dims": [
      512,
      512
    ],
    "ycn": true,
    "kw": {},
    "layers_per_block": 1
  },
  "results": {
    "num_epochs": 10,
    "train_loss": [
      1.3115683794021606,
      0.9241960644721985,
      0.7762120962142944,
      0.699839174747467,
      0.6476579308509827,
      0.6075717806816101,
      0.571967363357544,
      0.5512112975120544,
      0.5286171436309814,
      0.5177448987960815
    ],
    "train_acc": [
      52.764,
      67.88,
      73.4,
      76.078,
      77.808,
      79.066,
      80.49,
      81.322,
      81.966,
      82.258
    ],
    "test_loss": [
      1.593733787536621,
      1.0891880989074707,
      0.9097979068756104,
      0.821811854839325,
      0.8145618438720703,
      0.7152910232543945,
      0.778862476348877,
      0.7820849418640137,
      0.7234179973602295,
      0.6915956139564514
    ],
    "test_acc": [
      42.11,
      62.42,
      69.06,
      72.23,
      73.02,
      76.11,
      73.75,
      73.87,
      76.27,
      77.11
    ]
  }
}