{
  "config": {
    "run_name": "exp2_L1_K64-128-256-512",
    "out_dir": "./results",
    "seed": 42,
    "bs_train": 128,
    "bs_test": 32,
    "batches": 100,
    "epochs": 15,
    "early_stopping": 5,
    "checkpoints": null,
    "lr": 0.001,
    "reg": 0.001,
    "filters_per_layer": [
      64,
      128,
      256,
      512
    ],
    "pool_every": 1,
    "hidden_dims": [
      100,
      100
    ],
    "ycn": true,
    "kw": {},
    "layers_per_block": 1
  },
  "results": {
    "num_epochs": 15,
    "train_loss": [
      1.7609151601791382,
      1.3467684984207153,
      1.156295657157898,
      0.9983466863632202,
      0.8807721138000488,
      0.7836576700210571,
      0.7040333151817322,
      0.6328515410423279,
      0.5932713150978088,
      0.5501478910446167,
      0.48115426301956177,
      0.44588127732276917,
      0.41889476776123047,
      0.39298632740974426,
      0.3494347333908081
    ],
    "train_acc": [
      33.874,
      50.434,
      57.904,
      63.984,
      68.826,
      72.396,
      75.336,
      78.096,
      79.246,
      80.85,
      83.276,
      84.488,
      85.12,
      86.074,
      87.8
    ],
    "test_loss": [
      1.471968173980713,
      1.278925895690918,
      1.1186282634735107,
      0.9594860076904297,
      0.865547239780426,
      0.8075628280639648,
      0.7832539677619934,
      0.7676106095314026,
      0.7672783732414246,
      0.8324660062789917,
      0.8879324197769165,
      0.8662879467010498,
      0.7851038575172424,
      0.8856988549232483,
      0.8804709911346436
    ],
    "test_acc": [
      44.82,
      54.54,
      60.1,
      65.94,
      69.73,
      71.86,
      73.13,
      74.16,
      73.79,
      72.6,
      71.35,
      72.51,
      74.67,
      71.93,
      73.83
    ]
  }
}