{
  "config": {
    "run_name": "exp2_L3_K64-128-256-512",
    "out_dir": "./results",
    "seed": 42,
    "bs_train": 128,
    "bs_test": 32,
    "batches": 100,
    "epochs": 15,
    "early_stopping": 5,
    "checkpoints": null,
    "lr": 0.001,
    "reg": 0.001,
    "filters_per_layer": [
      64,
      128,
      256,
      512
    ],
    "pool_every": 3,
    "hidden_dims": [
      100,
      100
    ],
    "ycn": true,
    "kw": {},
    "layers_per_block": 3
  },
  "results": {
    "num_epochs": 15,
    "train_loss": [
      2.3030169010162354,
      2.3028318881988525,
      2.3027899265289307,
      2.302762269973755,
      2.3027408123016357,
      2.3027231693267822,
      2.3027138710021973,
      2.3027074337005615,
      2.302703380584717,
      2.302701473236084,
      2.3027007579803467,
      2.3026986122131348,
      2.3026974201202393,
      2.3026978969573975,
      2.3026978969573975
    ],
    "train_acc": [
      9.818,
      9.702,
      9.638,
      9.67,
      9.668,
      9.752,
      9.748,
      9.634,
      9.706,
      9.562,
      9.646,
      9.646,
      9.654,
      9.626,
      9.634
    ],
    "test_loss": [
      2.3026695251464844,
      2.302637815475464,
      2.3026223182678223,
      2.302612781524658,
      2.3026082515716553,
      2.3026039600372314,
      2.3026010990142822,
      2.302600622177124,
      2.3026013374328613,
      2.3026015758514404,
      2.3026018142700195,
      2.3025999069213867,
      2.3025996685028076,
      2.3025996685028076,
      2.3025999069213867
    ],
    "test_acc": [
      10.0,
      10.0,
      10.0,
      10.0,
      10.0,
      10.0,
      10.0,
      10.0,
      10.0,
      10.0,
      10.0,
      10.0,
      10.0,
      10.0,
      10.0
    ]
  }
}