{
  "config": {
    "run_name": "exp2_L4_K64-128-256-512",
    "out_dir": "./results",
    "seed": 42,
    "bs_train": 128,
    "bs_test": 32,
    "batches": 100,
    "epochs": 15,
    "early_stopping": 5,
    "checkpoints": null,
    "lr": 0.001,
    "reg": 0.001,
    "filters_per_layer": [
      64,
      128,
      256,
      512
    ],
    "pool_every": 4,
    "hidden_dims": [
      100,
      100
    ],
    "ycn": true,
    "kw": {},
    "layers_per_block": 4
  },
  "results": {
    "num_epochs": 15,
    "train_loss": [
      2.3031342029571533,
      2.302882432937622,
      2.3028407096862793,
      2.3028056621551514,
      2.302778482437134,
      2.302757978439331,
      2.302739381790161,
      2.302727222442627,
      2.302717447280884,
      2.3027098178863525,
      2.302703619003296,
      2.302700996398926,
      2.3027005195617676,
      2.302699089050293,
      2.302698850631714
    ],
    "train_acc": [
      9.778,
      9.812,
      9.754,
      9.658,
      9.672,
      9.688,
      9.776,
      9.77,
      9.748,
      9.736,
      9.69,
      9.708,
      9.656,
      9.658,
      9.634
    ],
    "test_loss": [
      2.302762508392334,
      2.3027267456054688,
      2.3027007579803467,
      2.3026766777038574,
      2.3026626110076904,
      2.302647352218628,
      2.3026342391967773,
      2.3026227951049805,
      2.3026134967803955,
      2.3026084899902344,
      2.3026039600372314,
      2.302602767944336,
      2.302600860595703,
      2.3026037216186523,
      2.3025999069213867
    ],
    "test_acc": [
      10.0,
      10.0,
      10.0,
      10.0,
      10.0,
      10.0,
      10.0,
      10.0,
      10.0,
      10.0,
      10.0,
      10.0,
      10.0,
      10.0,
      10.0
    ]
  }
}